{"skeleton":{"hash":"hOvGNeIPtG8","spine":"4.0.64","x":-299.37,"y":-188.58,"width":496.47,"height":368.11},"bones":[{"name":"root"},{"name":"body","parent":"root","rotation":31.59,"x":140.77,"y":-0.53},{"name":"head","parent":"body","rotation":-3.43,"x":11.7,"y":65.41},{"name":"hand-right","parent":"body","length":30.33,"rotation":157.52,"x":-23.15,"y":15.16},{"name":"hand-left","parent":"body","length":31.65,"rotation":-22.39,"x":20.81,"y":13.87},{"name":"gz-logo","parent":"head","y":0.39},{"name":"eyes-open","parent":"head"},{"name":"home","parent":"hand-left","x":-15.68,"y":-26.45},{"name":"bounding_helper1","parent":"root","x":-294.87,"y":-184.08},{"name":"bounding_helper2","parent":"bounding_helper1","x":486.47,"y":358.61}],"slots":[{"name":"hand-right","bone":"hand-right","attachment":"hand-right"},{"name":"hand-left","bone":"hand-left","attachment":"hand-left"},{"name":"body","bone":"body","attachment":"body"},{"name":"head","bone":"head","attachment":"head"},{"name":"eyes-open","bone":"eyes-open","attachment":"eyes-open"},{"name":"gz-logo","bone":"gz-logo","attachment":"gz-logo-s"},{"name":"home","bone":"home","attachment":"home"},{"name":"body2","bone":"root","attachment":"body2"},{"name":"hand-right2","bone":"bounding_helper2","attachment":"alpha"},{"name":"gz-logo2","bone":"bounding_helper1","attachment":"alpha"}],"path":[{"name":"body2","bones":["body"],"target":"body2","mixRotate":0,"mixX":0}],"skins":[{"name":"default","attachments":{"body":{"body":{"x":-2.41,"y":-2.96,"rotation":-6.22,"width":58,"height":61}},"body2":{"body2":{"type":"path","lengths":[248.22,432.24,704.94,1043.07,1202.35],"vertexCount":15,"vertices":[-60.54,-43.55,-5.15,17.6,50.24,78.74,-105.98,140.82,-187.32,82.6,-250.16,37.62,-265,-14.76,-249.84,-77.59,-231.01,-155.68,-167.83,-199.36,-25.37,-172.7,120.19,-145.45,194.9,-24.16,113.63,66,99.9,81.24]}},"eyes-open":{"eyes-close":{"x":0.47,"y":0.62,"width":44,"height":8},"eyes-open":{"x":-0.06,"y":4.51,"width":40,"height":19}},"gz-logo":{"gz-logo":{"x":-0.16,"y":2.23,"width":67,"height":33},"gz-logo-s":{"x":0.47,"y":31.75,"width":26,"height":13}},"gz-logo2":{"alpha":{"x":0.5,"y":0.5,"width":10,"height":10}},"hand-left":{"hand-left":{"x":13.52,"y":1.44,"rotation":42.51,"width":31,"height":32},"hand-left-holder":{"x":5.01,"y":13.23,"rotation":42.51,"width":11,"height":14}},"hand-right":{"hand-right":{"x":10.97,"y":-0.77,"rotation":139.16,"width":31,"height":32}},"hand-right2":{"alpha":{"x":0.5,"width":10,"height":10}},"head":{"head":{"x":0.5,"y":4.59,"width":118,"height":87}},"home":{"home":{"x":-1.56,"y":-0.9,"rotation":48.76,"width":92,"height":32}}}}],"animations":{"fly":{"slots":{"gz-logo":{"attachment":[{"name":"gz-logo"}]},"hand-left":{"attachment":[{"name":"hand-left-holder"}]}},"bones":{"body":{"rotate":[{"value":-29.96}],"translate":[{"x":-164.77,"y":0.53},{"time":1,"x":-164.77,"y":14.08},{"time":2,"x":-164.77,"y":0.53}]},"head":{"rotate":[{"value":5.18},{"time":1,"value":7.28},{"time":2,"value":5.18}],"translate":[{"x":-6.74,"y":0.08},{"time":1,"x":-6.74,"y":-3.99},{"time":2,"x":-6.74,"y":0.08}]},"hand-right":{"rotate":[{"value":59.09},{"time":1,"value":51.46},{"time":2,"value":59.09}]},"hand-left":{"rotate":[{"value":-22.87},{"time":1,"value":-26.66},{"time":2,"value":-22.87}],"translate":[{"x":12.6,"y":2.03}]}},"drawOrder":[{"offsets":[{"slot":"hand-left","offset":8}]}]},"fly2idle":{"slots":{"eyes-open":{"attachment":[{"time":1.4,"name":"eyes-close"},{"time":1.5333,"name":"eyes-open"}]},"gz-logo":{"attachment":[{"name":"gz-logo"},{"time":1.3333,"name":"gz-logo-s"}]},"hand-left":{"attachment":[{"name":"hand-left-holder"},{"time":1.3333,"name":"hand-left"}]},"home":{"rgba":[{"time":1.3333,"color":"ffffff00"}]}},"bones":{"body":{"rotate":[{"value":-29.96},{"time":0.1333,"value":63.07},{"time":0.3333,"value":131.19},{"time":0.6667,"value":244.75},{"time":1,"value":324.64},{"time":1.5,"value":360}],"translate":[{"x":-164.45},{"time":1.5}],"scale":[{"time":0.3333},{"time":0.6667,"x":0.6,"y":0.6},{"time":1,"x":0.3,"y":0.3},{"time":1.5}]},"hand-left":{"rotate":[{"value":-22.87},{"time":1.3333}],"translate":[{"x":12.6,"y":2.03},{"time":1.3333}]},"head":{"rotate":[{"value":5.18},{"time":1.3333}],"translate":[{"x":-6.74,"y":0.08},{"time":1.3333}]},"hand-right":{"rotate":[{"value":59.09},{"time":1,"value":14.77},{"time":1.3333,"value":29.67},{"time":1.6667}]}},"path":{"body2":{"position":[{},{"time":1,"value":0.8957},{"time":1.3333,"value":0.9332,"curve":"stepped"},{"time":1.6667,"value":0.9332},{"time":2,"value":0.9251}],"mix":[{"mixRotate":0}]}},"deform":{"default":{"body2":{"body2":[{"vertices":[6.05032,-27.36492,2.26285,-24.1371,15.83999,0.7543]}]}}},"drawOrder":[{"offsets":[{"slot":"hand-left","offset":8}]},{"time":1.5}]},"idle":{"slots":{"eyes-open":{"attachment":[{"time":0.1667,"name":"eyes-close"},{"time":0.3333,"name":"eyes-open"},{"time":0.5,"name":"eyes-close"},{"time":0.6667,"name":"eyes-open"}]},"hand-right2":{"rgba":[{"time":0.5,"color":"ffffff00"}]},"home":{"rgba":[{"color":"ffffff00"}]}},"bones":{"body":{"translate":[{"x":-0.77,"y":0.53},{"time":0.3333,"x":-6.42},{"time":0.8,"x":-19.27},{"time":1,"x":-0.77,"y":0.53},{"time":1.3333,"x":13.43},{"time":2,"x":-0.77,"y":0.53}]},"hand-right":{"rotate":[{},{"time":0.5,"value":-14.37},{"time":1},{"time":1.5,"value":-14.37},{"time":2}]}}},"idle2fly":{"slots":{"eyes-open":{"attachment":[{"time":0.1667,"name":"eyes-close"},{"time":0.3333,"name":"eyes-open"},{"time":0.5,"name":"eyes-close"},{"time":0.6667,"name":"eyes-open"}]},"gz-logo":{"rgba":[{"color":"ffffffff"},{"time":0.6667,"color":"ffffff00"},{"time":1,"color":"ffffffff"}],"attachment":[{"time":0.6667,"name":"gz-logo"}]},"hand-left":{"attachment":[{"time":1.0333,"name":"hand-left-holder"}]},"home":{"rgba":[{"color":"ffffff00","curve":"stepped"},{"time":1,"color":"ffffff00"},{"time":1.3333,"color":"ffffffff"}]}},"bones":{"body":{"rotate":[{},{"time":0.3333,"value":-32.1},{"time":0.6667},{"time":1,"value":-32.1},{"time":2,"value":-36.65}],"translate":[{"x":-0.77,"y":0.53},{"time":0.3333,"x":-164.45,"curve":"stepped"},{"time":1,"x":-164.45},{"time":2,"x":-164.77,"y":0.53}]},"head":{"rotate":[{},{"time":1,"value":5.18},{"time":1.5,"value":4.38},{"time":2,"value":5.18}],"translate":[{"x":-7.22,"y":1.81},{"time":1,"x":-10.64,"y":-1.35},{"time":2,"x":-6.74,"y":0.08}]},"hand-right":{"rotate":[{},{"time":0.5,"value":-14.37},{"time":1},{"time":1.5,"value":59.85},{"time":2,"value":59.09}]},"hand-left":{"rotate":[{"time":1.0333},{"time":1.3333,"value":-19.89},{"time":1.5,"value":-22.87}],"translate":[{"time":1.3333},{"time":1.5,"x":12.6,"y":2.03}]}},"drawOrder":[{"time":1.0333,"offsets":[{"slot":"hand-left","offset":8}]}]}}}